Workbook
Name unit_id_list: tbl_Properties[Unit_ID]

Sheet 00_Dashboard
B2: 00 · DASHBOARD | D2: 01 · BOOKING MASTER | F2: 02 · STATUS ENGINE | H2: 03 · VACANCY LIST | J2: 04 · PARAMETERS
B3: OPERATIONS DASHBOARD — 32-Unit Furnished Portfolio
B4: Live KPIs pulled directly from 02_Unit_Status_Engine. No manual entry on this sheet.
B6: KEY PERFORMANCE INDICATORS
B8: TOTAL UNITS | E8: OCCUPIED UNITS | H8: VACANT UNITS | K8: RESERVED (LOCKED)
B9: {=COUNTA(_xlfn.ANCHORARRAY('02_Unit_Status_Engine'!$B$7))} -> 32 | E9: {=COUNTIF(_xlfn.ANCHORARRAY('02_Unit_Status_Engine'!$D$7),"Occupied")+COUNTIF(_xlfn.ANCHORARRAY('02_Unit_Status_Engine'!$D$7),"Checkout Soon")} -> 5 | H9: {=COUNTIF(_xlfn.ANCHORARRAY('02_Unit_Status_Engine'!$D$7),"Vacant")+COUNTIF(_xlfn.ANCHORARRAY('02_Unit_Status_Engine'!$D$7),"Check-in Soon")} -> 25 | K9: {=COUNTIF(_xlfn.ANCHORARRAY('02_Unit_Status_Engine'!$D$7),"Reserved")} -> 2
B11: 32-unit portfolio | E11: Generating rent today | H11: Ready or nearly ready to lease | K11: Confirmed, not yet checked in
B13: OCCUPANCY RATE | E13: CHECKOUT ALERTS | H13: CHECK-IN ALERTS | K13: VACANCY LOSS / DAY
B14: =E9/B9 -> 0.15625 | E14: {=COUNTIF(_xlfn.ANCHORARRAY('02_Unit_Status_Engine'!$D$7),"Checkout Soon")} -> 3 | H14: {=COUNTIF(_xlfn.ANCHORARRAY('02_Unit_Status_Engine'!$D$7),"Check-in Soon")} -> 2 | K14: {=SUMPRODUCT((_xlfn.ANCHORARRAY('02_Unit_Status_Engine'!$D$7)="Vacant")*_xlfn.XLOOKUP(_xlfn.ANCHORARRAY('02_Unit_Status_Engine'!$B$7),tbl_Properties[Unit_ID],tbl_Properties[Base_Rent],0))/30} -> 1252.5
B16: vs. 85.0% target (04_Parameters!B5) | E16: Schedule cleaning & key recovery | H16: Confirm turnover readiness | K16: Base rent left uncollected today
B18: ACTION ALERTS
B19: Checkout Soon: | D19: {=IF(COUNTIF(_xlfn.ANCHORARRAY('02_Unit_Status_Engine'!$D$7),"Checkout Soon")=0,"No units due for checkout within the alert window.",_xlfn.TEXTJOIN(", ",TRUE,IF(_xlfn.ANCHORARRAY('02_Unit_Status_Engine'!$D$7)="Checkout Soon",_xlfn.ANCHORARRAY('02_Unit_Status_Engine'!$C$7)&" ("&_xlfn.ANCHORARRAY('02_Unit_Status_Engine'!$G$7)&"d)","")))} -> Room 102 (1d), Room 120 (2d), Room 125 (3d)
B21: Check-in Soon: | D21: {=IF(COUNTIF(_xlfn.ANCHORARRAY('02_Unit_Status_Engine'!$D$7),"Check-in Soon")=0,"No units due for check-in within the alert window.",_xlfn.TEXTJOIN(", ",TRUE,IF(_xlfn.ANCHORARRAY('02_Unit_Status_Engine'!$D$7)="Check-in Soon",_xlfn.ANCHORARRAY('02_Unit_Status_Engine'!$C$7)&" ("&_xlfn.ANCHORARRAY('02_Unit_Status_Engine'!$G$7)&"d)","")))} -> Room 106 (2d), Room 115 (1d)

Sheet 01_Booking_Master
B2: 00 · DASHBOARD | D2: 01 · BOOKING MASTER | F2: 02 · STATUS ENGINE | H2: 03 · VACANCY LIST | J2: 04 · PARAMETERS
B3: BOOKING MASTER — Transaction Log
B4: Single data-entry point for the entire workbook. Append a new row at the bottom for a new booking, or edit an existing row directly — never edit any other sheet.
B6: Booking_ID | C6: Unit_ID | D6: Tenant_Name | E6: Check_In | F6: Check_Out | G6: Contract_Rent | H6: Status
B7: BK-2026-0001 | C7: U01 | D7: Sarah Johnson | E7: 46215 | F7: 46245 | G7: 1550 | H7: Checked_in
B8: BK-2026-0002 | C8: U02 | D8: Michael Chen | E8: 46200 | F8: 46227 | G8: 1400 | H8: Checked_in
B9: BK-2026-0003 | C9: U03 | D9: Emily Davis | E9: 46185 | F9: 46226 | G9: 1800 | H9: Checked_in
B10: BK-2026-0004 | C10: U04 | D10: David Kim | E10: 46223 | F10: 46240 | G10: 1650 | H10: Confirmed
B11: BK-2026-0005 | C11: U05 | D11: Jessica Brown | E11: 46226 | F11: 46235 | G11: 1500 | H11: Confirmed
B12: BK-2026-0006 | C12: U06 | D12: Daniel Wilson | E12: 46228 | F12: 46237 | G12: 1750 | H12: Confirmed
B13: BK-2026-0007 | C13: U07 | D13: Laura Martinez | E13: 46210 | F13: 46255 | G13: 2000 | H13: Checked_in
B14: BK-2026-0008 | C14: U08 | D14: Robert Taylor | E14: 46220 | F14: 46230 | G14: 1300 | H14: Cancelled
B15: BK-2026-0009 | C15: U10 | D15: Amanda Clark | E15: 46235 | F15: 46245 | G15: 1450 | H15: Confirmed
B16: BK-2026-0010 | C16: U11 | D16: James Anderson | E16: 46195 | F16: 46220 | G16: 1550 | H16: Checked_out
B17: BK-2026-0011 | C17: U12 | D17: Olivia Thomas | E17: 46165 | F17: 46205 | G17: 1600 | H17: Checked_out
B18: BK-2026-0012 | C18: U01 | D18: Sarah Johnson | E18: 46246 | F18: 46265 | G18: 1550 | H18: Confirmed
... B22: BK-2026-0016 | C22: U30 | D22: Ava Robinson | E22: 46230 | F22: 46240 | G22: 2100 | H22: Confirmed

Sheet 02_Unit_Status_Engine
B2: 00 · DASHBOARD | D2: 01 · BOOKING MASTER | F2: 02 · STATUS ENGINE | H2: 03 · VACANCY LIST | J2: 04 · PARAMETERS
B3: UNIT STATUS ENGINE — Live Room-State Calculation
B4: 100% formula-generated from 01_Booking_Master and 04_Parameters. Every cell spills automatically — do not type into this sheet.
B6: Unit_ID | C6: Unit_Name | D6: Today_Status | E6: Current_Tenant | F6: Next_Checkin | G6: Days_To_Event
B7: {=tbl_Properties[Unit_ID]} -> U01 | C7: {=_xlfn.XLOOKUP(_xlfn.ANCHORARRAY($B$7),tbl_Properties[Unit_ID],tbl_Properties[Unit_Name])} -> Room 101 | D7: {=_xlfn.MAP(_xlfn.ANCHORARRAY($B$7),_xlfn.LAMBDA(_xlpm.uid,_xlfn.LET(_xlpm.today,'04_Parameters'!$B$3,_xlpm.alert,'04_Parameters'!$B$4,_xlpm.is_occ,COUNTIFS(tbl_Bookings[Unit_ID],_xlpm.uid,tbl_Bookings[Check_In],"<="&_xlpm.today,tbl_Bookings[Check_Out],">"&_xlpm.today,tbl_Bookings[Status],"Checked_in")>0,_xlpm.is_res,COUNTIFS(tbl_Bookings[Unit_ID],_xlpm.uid,tbl_Bookings[Check_In],"<="&_xlpm.today,tbl_Bookings[Check_Out],">"&_xlpm.today,tbl_Bookings[Status],"Confirmed")>0,_xlpm.co_date,_xlfn.MINIFS(tbl_Bookings[Check_Out],tbl_Bookings[Unit_ID],_xlpm.uid,tbl_Bookings[Check_In],"<="&_xlpm.today,tbl_Bookings[Check_Out],">"&_xlpm.today,tbl_Bookings[Status],"Checked_in"),_xlpm.ci_date,_xlfn.MINIFS(tbl_Bookings[Check_In],tbl_Bookings[Unit_ID],_xlpm.uid,tbl_Bookings[Check_In],">"&_xlpm.today,tbl_Bookings[Status],"Confirmed"),_xlpm.is_co_soon,_xlpm.is_occ*((_xlpm.co_date-_xlpm.today)<=_xlpm.alert),_xlpm.is_ci_soon,(_xlpm.is_occ=FALSE)*(_xlpm.is_res=FALSE)*(_xlpm.ci_date>0)*((_xlpm.ci_date-_xlpm.today)<=_xlpm.alert),IF(_xlpm.is_occ,IF(_xlpm.is_co_soon,"Checkout Soon","Occupied"),IF(_xlpm.is_res,"Reserved",IF(_xlpm.is_ci_soon,"Check-in Soon","Vacant"))))))} -> Occupied | E7: {=_xlfn.MAP(_xlfn.ANCHORARRAY($B$7),_xlfn.LAMBDA(_xlpm.uid,_xlfn.LET(_xlpm.today,'04_Parameters'!$B$3,_xlpm.tenant,_xlfn.XLOOKUP(1,(tbl_Bookings[Unit_ID]=_xlpm.uid)*(tbl_Bookings[Check_In]<=_xlpm.today)*(tbl_Bookings[Check_Out]>_xlpm.today)*(tbl_Bookings[Status]="Checked_in"),tbl_Bookings[Tenant_Name],"-"),_xlpm.tenant)))} -> Sarah Johnson | F7: {=_xlfn.MAP(_xlfn.ANCHORARRAY($B$7),_xlfn.LAMBDA(_xlpm.uid,_xlfn.LET(_xlpm.today,'04_Parameters'!$B$3,_xlpm.next_ci,_xlfn.MINIFS(tbl_Bookings[Check_In],tbl_Bookings[Unit_ID],_xlpm.uid,tbl_Bookings[Check_In],">"&_xlpm.today,tbl_Bookings[Status],"Confirmed"),IF(_xlpm.next_ci=0,"-",_xlpm.next_ci))))} -> 46246 | G7: {=_xlfn.MAP(_xlfn.ANCHORARRAY($B$7),_xlfn.LAMBDA(_xlpm.uid,_xlfn.LET(_xlpm.today,'04_Parameters'!$B$3,_xlpm.is_occ,COUNTIFS(tbl_Bookings[Unit_ID],_xlpm.uid,tbl_Bookings[Check_In],"<="&_xlpm.today,tbl_Bookings[Check_Out],">"&_xlpm.today,tbl_Bookings[Status],"Checked_in")>0,_xlpm.co_date,_xlfn.MINIFS(tbl_Bookings[Check_Out],tbl_Bookings[Unit_ID],_xlpm.uid,tbl_Bookings[Check_In],"<="&_xlpm.today,tbl_Bookings[Check_Out],">"&_xlpm.today,tbl_Bookings[Status],"Checked_in"),_xlpm.ci_date,_xlfn.MINIFS(tbl_Bookings[Check_In],tbl_Bookings[Unit_ID],_xlpm.uid,tbl_Bookings[Check_In],">"&_xlpm.today,tbl_Bookings[Status],"Confirmed"),IF(_xlpm.is_occ,_xlpm.co_date-_xlpm.today,IF(_xlpm.ci_date>0,_xlpm.ci_date-_xlpm.today,"-")))))} -> 19
B8: U02 | C8: Room 102 | D8: Checkout Soon | E8: Michael Chen | F8: - | G8: 1
B9: U03 | C9: Room 103 | D9: Vacant | E9: - | F9: - | G9: -
B10: U04 | C10: Room 104 | D10: Reserved | E10: - | F10: - | G10: -
B11: U05 | C11: Room 105 | D11: Reserved | E11: - | F11: - | G11: -
B12: U06 | C12: Room 106 | D12: Check-in Soon | E12: - | F12: 46228 | G12: 2
B13: U07 | C13: Room 107 | D13: Occupied | E13: Laura Martinez | F13: - | G13: 29
B14: U08 | C14: Room 108 | D14: Vacant | E14: - | F14: - | G14: -
B15: U09 | C15: Room 109 | D15: Vacant | E15: - | F15: - | G15: -
B16: U10 | C16: Room 110 | D16: Vacant | E16: - | F16: 46235 | G16: 9
B17: U11 | C17: Room 111 | D17: Vacant | E17: - | F17: - | G17: -
B18: U12 | C18: Room 112 | D18: Vacant | E18: - | F18: - | G18: -
B19: U13 | C19: Room 113 | D19: Vacant | E19: - | F19: - | G19: -
B20: U14 | C20: Room 114 | D20: Vacant | E20: - | F20: - | G20: -
B21: U15 | C21: Room 115 | D21: Check-in Soon | E21: - | F21: 46227 | G21: 1
B22: U16 | C22: Room 116 | D22: Vacant | E22: - | F22: - | G22: -
B23: U17 | C23: Room 117 | D23: Vacant | E23: - | F23: - | G23: -
B24: U18 | C24: Room 118 | D24: Vacant | E24: - | F24: - | G24: -
B25: U19 | C25: Room 119 | D25: Vacant | E25: - | F25: - | G25: -
B26: U20 | C26: Room 120 | D26: Checkout Soon | E26: Sophia Harris | F26: - | G26: 2
B27: U21 | C27: Room 121 | D27: Vacant | E27: - | F27: - | G27: -
B28: U22 | C28: Room 122 | D28: Vacant | E28: - | F28: - | G28: -
B29: U23 | C29: Room 123 | D29: Vacant | E29: - | F29: - | G29: -
B30: U24 | C30: Room 124 | D30: Vacant | E30: - | F30: - | G30: -
B31: U25 | C31: Room 125 | D31: Checkout Soon | E31: Matthew Walker | F31: - | G31: 3
B32: U26 | C32: Room 126 | D32: Vacant | E32: - | F32: - | G32: -
B33: U27 | C33: Room 127 | D33: Vacant | E33: - | F33: - | G33: -
B34: U28 | C34: Room 128 | D34: Vacant | E34: - | F34: - | G34: -
B35: U29 | C35: Room 129 | D35: Vacant | E35: - | F35: - | G35: -
B36: U30 | C36: Room 130 | D36: Vacant | E36: - | F36: 46230 | G36: 4
B37: U31 | C37: Room 131 | D37: Vacant | E37: - | F37: - | G37: -
B38: U32 | C38: Room 132 | D38: Vacant | E38: - | F38: - | G38: -

Sheet 03_Vacancy_List
B2: 00 · DASHBOARD | D2: 01 · BOOKING MASTER | F2: 02 · STATUS ENGINE | H2: 03 · VACANCY LIST | J2: 04 · PARAMETERS
B3: VACANCY LIST — Ready-to-Lease Units
B4: Auto-filtered from 02_Unit_Status_Engine — Vacant and Check-in Soon units only. File → Save As → PDF to share with leasing channels.
B6: Unit_ID | C6: Unit_Name | D6: Room_Type | E6: Base_Rent | F6: Current_Status | G6: Next_Checkin | H6: Days_To_Event
B7: {=_xlfn._xlws.FILTER(_xlfn.ANCHORARRAY('02_Unit_Status_Engine'!$B$7),(_xlfn.ANCHORARRAY('02_Unit_Status_Engine'!$D$7)="Vacant")+(_xlfn.ANCHORARRAY('02_Unit_Status_Engine'!$D$7)="Check-in Soon"),"No vacant units available")} -> U03 | C7: {=IF(_xlfn.ANCHORARRAY($B$7)="No vacant units available","",_xlfn.XLOOKUP(_xlfn.ANCHORARRAY($B$7),tbl_Properties[Unit_ID],tbl_Properties[Unit_Name],"-"))} -> Room 103 | D7: {=IF(_xlfn.ANCHORARRAY($B$7)="No vacant units available","",_xlfn.XLOOKUP(_xlfn.ANCHORARRAY($B$7),tbl_Properties[Unit_ID],tbl_Properties[Room_Type],"-"))} -> 1-Bedroom | E7: {=IF(_xlfn.ANCHORARRAY($B$7)="No vacant units available","",_xlfn.XLOOKUP(_xlfn.ANCHORARRAY($B$7),tbl_Properties[Unit_ID],tbl_Properties[Base_Rent],0))} -> 1625 | F7: {=IF(_xlfn.ANCHORARRAY($B$7)="No vacant units available","",_xlfn.XLOOKUP(_xlfn.ANCHORARRAY($B$7),_xlfn.ANCHORARRAY('02_Unit_Status_Engine'!$B$7),_xlfn.ANCHORARRAY('02_Unit_Status_Engine'!$D$7),"-"))} -> Vacant | G7: {=IF(_xlfn.ANCHORARRAY($B$7)="No vacant units available","",_xlfn.XLOOKUP(_xlfn.ANCHORARRAY($B$7),_xlfn.ANCHORARRAY('02_Unit_Status_Engine'!$B$7),_xlfn.ANCHORARRAY('02_Unit_Status_Engine'!$F$7),"-"))} -> - | H7: {=IF(_xlfn.ANCHORARRAY($B$7)="No vacant units available","",_xlfn.XLOOKUP(_xlfn.ANCHORARRAY($B$7),_xlfn.ANCHORARRAY('02_Unit_Status_Engine'!$B$7),_xlfn.ANCHORARRAY('02_Unit_Status_Engine'!$G$7),"-"))} -> -
B8: U06 | C8: Room 106 | D8: 1-Bedroom | E8: 1525 | F8: Check-in Soon | G8: 46228 | H8: 2
B9: U08 | C9: Room 108 | D9: 2-Bedroom | E9: 2025 | F9: Vacant | G9: - | H9: -
B10: U09 | C10: Room 109 | D10: Studio | E10: 1350 | F10: Vacant | G10: - | H10: -
B11: U10 | C11: Room 110 | D11: 1-Bedroom | E11: 1500 | F11: Vacant | G11: 46235 | H11: 9
B12: U11 | C12: Room 111 | D12: 1-Bedroom | E12: 1575 | F12: Vacant | G12: - | H12: -
B13: U12 | C13: Room 112 | D13: 2-Bedroom | E13: 2000 | F13: Vacant | G13: - | H13: -
B14: U13 | C14: Room 113 | D14: Studio | E14: 1325 | F14: Vacant | G14: - | H14: -
B15: U14 | C15: Room 114 | D15: 1-Bedroom | E15: 1600 | F15: Vacant | G15: - | H15: -
B16: U15 | C16: Room 115 | D16: 1-Bedroom | E16: 1550 | F16: Check-in Soon | G16: 46227 | H16: 1
B17: U16 | C17: Room 116 | D17: 2-Bedroom | E17: 1975 | F17: Vacant | G17: - | H17: -
B18: U17 | C18: Room 117 | D18: Studio | E18: 1300 | F18: Vacant | G18: - | H18: -
B19: U18 | C19: Room 118 | D19: 1-Bedroom | E19: 1575 | F19: Vacant | G19: - | H19: -
B20: U19 | C20: Room 119 | D20: 1-Bedroom | E20: 1650 | F20: Vacant | G20: - | H20: -
B21: U21 | C21: Room 121 | D21: Studio | E21: 1275 | F21: Vacant | G21: - | H21: -
B22: U22 | C22: Room 122 | D22: 1-Bedroom | E22: 1550 | F22: Vacant | G22: - | H22: -
B23: U23 | C23: Room 123 | D23: 1-Bedroom | E23: 1625 | F23: Vacant | G23: - | H23: -
B24: U24 | C24: Room 124 | D24: 2-Bedroom | E24: 2050 | F24: Vacant | G24: - | H24: -
B25: U26 | C25: Room 126 | D25: 1-Bedroom | E25: 1525 | F25: Vacant | G25: - | H25: -
B26: U27 | C26: Room 127 | D26: 1-Bedroom | E26: 1600 | F26: Vacant | G26: - | H26: -
B27: U28 | C27: Room 128 | D27: 2-Bedroom | E27: 2025 | F27: Vacant | G27: - | H27: -
B28: U29 | C28: Room 129 | D28: Studio | E28: 1350 | F28: Vacant | G28: - | H28: -
B29: U30 | C29: Room 130 | D29: 1-Bedroom | E29: 1500 | F29: Vacant | G29: 46230 | H29: 4
B30: U31 | C30: Room 131 | D30: 1-Bedroom | E30: 1575 | F30: Vacant | G30: - | H30: -
B31: U32 | C31: Room 132 | D31: 2-Bedroom | E31: 2000 | F31: Vacant | G31: - | H31: -

Sheet 04_Parameters
B2: 00 · DASHBOARD | D2: 01 · BOOKING MASTER | F2: 02 · STATUS ENGINE | H2: 03 · VACANCY LIST | J2: 04 · PARAMETERS
B3: =TODAY() -> 46226 | C3: Para_Anchor_Date | D3: System anchor date used to evaluate 'today' across the workbook. Override this cell to simulate a past or future date for audit or forecast.
B4: 3 | C4: Para_Alert_Days | D4: Check-in / check-out alert window, in days. Lower/raise this value to change how far in advance the Dashboard and Status Engine raise alerts.
B5: 0.85 | C5: Para_Target_Occ | D5: Target occupancy benchmark shown against the live occupancy rate on the Dashboard.
B6: $ | C6: Para_Currency_Symbol | D6: Global currency symbol used across all monetary fields, independent of the local Windows region setting.
B8: PARAMETERS & MASTER DATA
B10: PROPERTIES MASTER TABLE — tbl_Properties
B11: Source of truth for all 32 units. Add a row at the bottom to onboard a new unit — every downstream sheet expands automatically.
B12: Unit_ID | C12: Unit_Name | D12: Room_Type | E12: Base_Rent
B13: U01 | C13: Room 101 | D13: Studio | E13: 1275
B14: U02 | C14: Room 102 | D14: 1-Bedroom | E14: 1550
B15: U03 | C15: Room 103 | D15: 1-Bedroom | E15: 1625
B16: U04 | C16: Room 104 | D16: 2-Bedroom | E16: 2050
B17: U05 | C17: Room 105 | D17: Studio | E17: 1250
B18: U06 | C18: Room 106 | D18: 1-Bedroom | E18: 1525
B19: U07 | C19: Room 107 | D19: 1-Bedroom | E19: 1600
B20: U08 | C20: Room 108 | D20: 2-Bedroom | E20: 2025
B21: U09 | C21: Room 109 | D21: Studio | E21: 1350
B22: U10 | C22: Room 110 | D22: 1-Bedroom | E22: 1500
B23: U11 | C23: Room 111 | D23: 1-Bedroom | E23: 1575
B24: U12 | C24: Room 112 | D24: 2-Bedroom | E24: 2000
... B44: U32 | C44: Room 132 | D44: 2-Bedroom | E44: 2000
